username,name,password
user001,User 001,password001
user002,User 002,password002
user003,User 003,password003
user004,User 004,password004
user005,User 005,password005
user006,User 006,password006
user007,User 007,password007
user008,User 008,password008
user009,User 009,password009
user010,User 010,password010
user011,User 011,password011
user012,User 012,password012
user013,User 013,password013
user014,User 014,password014
user015,User 015,password015
user016,User 016,password016
user017,User 017,password017
user018,User 018,password018
user019,User 019,password019
user020,User 020,password020
user021,User 021,password021
user022,User 022,password022
user023,User 023,password023
user024,User 024,password024
user025,User 025,password025
user026,User 026,password026
user027,User 027,password027
user028,User 028,password028
user029,User 029,password029
user030,User 030,password030
user031,User 031,password031
user032,User 032,password032
user033,User 033,password033
user034,User 034,password034
user035,User 035,password035
user036,User 036,password036
user037,User 037,password037
user038,User 038,password038
user039,User 039,password039
user040,User 040,password040
user041,User 041,password041
user042,User 042,password042
user043,User 043,password043
user044,User 044,password044
user045,User 045,password045
user046,User 046,password046
user047,User 047,password047
user048,User 048,password048
user049,User 049,password049
user050,User 050,password050
user051,User 051,password051
user052,User 052,password052
user053,User 053,password053
user054,User 054,password054
user055,User 055,password055
user056,User 056,password056
user057,User 057,password057
user058,User 058,password058
user059,User 059,password059
user060,User 060,password060
user061,User 061,password061
user062,User 062,password062
user063,User 063,password063
user064,User 064,password064
user065,User 065,password065
user066,User 066,password066
user067,User 067,password067
user068,User 068,password068
user069,User 069,password069
user070,User 070,password070
user071,User 071,password071
user072,User 072,password072
user073,User 073,password073
user074,User 074,password074
user075,User 075,password075
user076,User 076,password076
user077,User 077,password077
user078,User 078,password078
user079,User 079,password079
user080,User 080,password080
user081,User 081,password081
user082,User 082,password082
user083,User 083,password083
user084,User 084,password084
user085,User 085,password085
user086,User 086,password086
user087,User 087,password087
user088,User 088,password088
user089,User 089,password089
user090,User 090,password090
user091,User 091,password091
user092,User 092,password092
user093,User 093,password093
user094,User 094,password094
user095,User 095,password095
user096,User 096,password096
user097,User 097,password097
user098,User 098,password098
user099,User 099,password099
user100,User 100,password100
